{
    "zoom": 1.0,
    "offsetX": -0.18560326099395753,
    "offsetY": 0.10456573963165283
}